"data_inizio","data_fine","Brand","Percentuale_Sconto","Modello"
"2022-10-07","2022-10-09","Mercury",20,"Milan"
"2024-04-07","2024-04-25","GMC",24,"Rally Wagon 3500"
"2023-09-07","2023-09-08","Chevrolet",22,"Sportvan G20"
"2023-06-24","2023-07-05","Ford",22,"Bronco"
"2024-03-02","2024-03-17","Chevrolet",24,"Sportvan G30"
"2024-08-02","2024-08-17","Mercedes-Benz",23,"300CE"
"2024-01-27","2024-02-25","Cadillac",17,"DTS"
"2022-08-09","2022-08-26","Mazda",23,"B-Series Plus"
"2023-02-03","2023-03-02","Lexus",10,"ES"
"2023-11-20","2023-12-18","Dodge",29,"Ram 2500 Club"
"2023-04-16","2023-04-17","Mitsubishi",26,"Pajero"
"2023-12-30","2024-01-29","Pontiac",22,"Firebird"
"2022-09-01","2022-09-08","Volvo",15,"C70"
"2023-05-25","2023-06-14","Spyker",21,"C8 Double 12 S"
"2023-03-18","2023-03-23","Mazda",21,"Millenia"
"2023-12-08","2023-12-09","Kia",16,"Optima"
"2024-06-06","2024-06-21","Ford",17,"Mustang"
"2024-05-19","2024-06-02","Jeep",15,"Grand Cherokee"
"2023-07-24","2023-08-10","Acura",17,"Integra"
"2024-02-10","2024-02-21","Land Rover",26,"LR3"
"2023-12-01","2023-12-02","Suzuki",19,"Forenza"
"2024-06-19","2024-07-10","Honda",10,"del Sol"
"2024-05-10","2024-05-12","Volvo",21,"S40"
"2023-12-11","2023-12-30","Suzuki",24,"Daewoo Magnus"
"2024-01-26","2024-02-25","Mercury",24,"Grand Marquis"
"2024-08-26","2024-08-27","Ford",9,"Econoline E150"
"2024-09-07","2024-09-18","Buick",12,"Electra"
"2023-09-21","2023-09-24","Pontiac",21,"Bonneville"
"2024-12-24","2024-12-29","Kia",13,"Sorento"
"2023-11-30","2023-12-03","Hyundai",25,"Santa Fe"
"2024-12-26","2025-01-01","Volvo",11,"S90"
"2023-08-04","2023-08-17","Chevrolet",22,"Cavalier"
"2024-05-15","2024-05-31","Mercedes-Benz",8,"G-Class"
"2023-10-22","2023-11-03","Mazda",20,"929"
"2023-03-26","2023-04-10","Infiniti",13,"J"
"2024-03-08","2024-03-12","Ford",13,"Aspire"
"2023-01-16","2023-01-31","Porsche",24,"Boxster"
"2022-09-07","2022-09-14","Volkswagen",24,"Type 2"
"2024-06-22","2024-07-14","Volvo",18,"XC60"
"2023-06-09","2023-06-20","Nissan",10,"Sentra"
"2022-08-05","2022-09-03","Ford",18,"Thunderbird"
"2022-09-01","2022-09-05","Cadillac",24,"DeVille"
"2022-09-19","2022-10-07","Pontiac",6,"Trans Sport"
"2022-09-25","2022-10-09","Lexus",30,"GX"
"2023-10-24","2023-11-17","Mazda",28,"Mazdaspeed 3"
"2023-10-08","2023-10-17","Chevrolet",29,"S10"
"2024-01-21","2024-02-17","Suzuki",30,"Esteem"
"2022-09-23","2022-10-11","Subaru",17,"Alcyone SVX"
"2024-05-24","2024-06-10","Suzuki",18,"Reno"
"2024-08-19","2024-09-10","Ferrari",23,"430 Scuderia"
"2024-08-27","2024-09-13","Nissan",13,"Xterra"
"2024-02-12","2024-02-14","Ford",19,"Escort"
"2023-01-07","2023-01-21","Lamborghini",8,"Diablo"
"2022-09-06","2022-09-16","GMC",21,"Sierra 2500"
"2022-11-14","2022-11-25","Jeep",27,"Compass"
"2022-12-19","2023-01-18","Pontiac",14,"Grand Prix"
"2023-10-01","2023-10-24","Ford",30,"Mustang"
"2022-11-05","2022-11-08","Lexus",15,"RX Hybrid"
"2024-01-15","2024-02-07","Mazda",11,"Protege"
"2023-08-04","2023-09-02","Mazda",22,"B2600"
"2022-12-04","2022-12-23","BMW",22,"525"
"2024-06-03","2024-06-22","Chrysler",5,"Concorde"
"2024-09-09","2024-09-26","Nissan",15,"Sentra"
"2024-10-19","2024-11-10","Kia",20,"Rio"
"2023-12-20","2023-12-26","BMW",25,"X3"
"2024-05-09","2024-05-21","Chevrolet",8,"G-Series 2500"
"2024-03-30","2024-04-16","Chevrolet",22,"G-Series 1500"
"2023-01-04","2023-01-27","Lexus",27,"RX"
"2024-07-18","2024-07-28","Dodge",13,"Ram 1500"
"2023-05-31","2023-06-03","Honda",21,"Odyssey"
"2024-02-06","2024-02-17","Oldsmobile",22,"88"
"2024-09-21","2024-10-20","Toyota",27,"Corolla"
"2022-05-19","2022-06-14","Mitsubishi",6,"Pajero"
"2022-12-14","2022-12-31","Volkswagen",23,"Eurovan"
"2022-12-12","2022-12-29","Ford",8,"Flex"
"2023-02-19","2023-02-25","Plymouth",21,"Colt Vista"
"2023-06-01","2023-06-28","Chevrolet",23,"Avalanche 2500"
"2024-04-16","2024-05-16","Buick",29,"Century"
"2023-06-05","2023-07-05","Mitsubishi",18,"Mighty Max Macro"
"2022-05-19","2022-05-27","Jaguar",15,"XJ"
"2023-09-20","2023-10-05","Lamborghini",14,"Gallardo"
"2022-11-18","2022-12-05","Chevrolet",21,"Colorado"
"2023-10-10","2023-10-19","Dodge",24,"Ram Van 3500"
"2024-11-18","2024-11-26","Ford",22,"Transit Connect"
"2022-06-26","2022-07-08","Volkswagen",22,"Golf"
"2024-10-19","2024-10-31","Lexus",19,"LS"
"2023-11-02","2023-11-18","Chevrolet",9,"Express 3500"
"2023-02-25","2023-03-13","BMW",18,"Z4"
"2023-10-21","2023-11-15","Hyundai",6,"Entourage"
"2023-05-22","2023-05-24","Pontiac",6,"Sunfire"
"2023-10-20","2023-10-24","Mitsubishi",17,"Montero Sport"
"2022-08-17","2022-08-19","Mazda",25,"MPV"
"2024-11-21","2024-11-25","Suzuki",11,"SJ"
"2023-09-28","2023-10-26","Cadillac",7,"Escalade"
"2023-01-19","2023-02-18","Volkswagen",16,"Type 2"
"2024-09-14","2024-09-17","Ford",26,"Escort"
"2023-03-15","2023-03-20","Mitsubishi",12,"Sigma"
"2023-05-20","2023-06-18","Lexus",29,"IS"
"2022-12-22","2023-01-10","Mitsubishi",13,"Galant"
"2024-05-08","2024-05-20","Aston Martin",23,"DB9"
"2022-11-29","2022-12-09","Honda",28,"CR-V"
"2023-01-03","2023-01-30","Toyota",15,"Venza"
"2024-11-02","2024-12-02","Lincoln",26,"Continental"
"2023-06-09","2023-07-03","Porsche",10,"Carrera GT"
"2024-09-08","2024-10-02","Plymouth",25,"Laser"
"2024-11-26","2024-12-03","Honda",20,"Insight"
"2023-04-26","2023-05-08","Kia",17,"Rio"
"2024-11-17","2024-11-27","Toyota",16,"4Runner"
"2022-09-11","2022-09-19","Subaru",18,"Forester"
"2023-11-01","2023-11-25","Dodge",9,"Neon"
"2024-02-17","2024-03-11","Porsche",24,"Cayenne"
"2024-04-22","2024-05-12","Porsche",16,"Boxster"
"2024-03-25","2024-04-07","Jeep",30,"Wrangler"
"2023-12-10","2023-12-23","Mitsubishi",20,"Eclipse"
"2023-05-25","2023-06-15","Mercedes-Benz",26,"CL-Class"
"2023-11-19","2023-11-23","Volvo",12,"V50"
"2023-08-14","2023-09-01","BMW",6,"5 Series"
"2022-12-09","2023-01-03","Nissan",30,"Pathfinder"
"2024-03-02","2024-03-21","Lincoln",22,"Navigator"
"2023-07-27","2023-08-01","Saturn",27,"Outlook"
"2023-01-12","2023-01-15","BMW",9,"7 Series"
"2023-04-22","2023-05-04","Saab",14,"900"
"2022-08-07","2022-08-29","Subaru",10,"Legacy"
"2023-06-09","2023-06-28","Nissan",25,"Armada"
"2024-01-15","2024-02-12","Toyota",13,"TundraMax"
"2022-11-18","2022-11-19","Volvo",22,"V70"
"2022-07-15","2022-08-06","Mercury",27,"Monterey"
"2023-06-21","2023-06-23","Chevrolet",12,"Corvette"
"2022-09-19","2022-10-04","Toyota",23,"Prius"
"2024-03-31","2024-04-30","Subaru",17,"Impreza"
"2023-01-09","2023-02-03","Chevrolet",14,"Malibu"
"2024-07-11","2024-07-29","Buick",17,"Regal"
"2022-12-28","2023-01-24","Dodge",12,"Omni"
"2023-12-13","2023-12-18","Honda",25,"Odyssey"
"2022-05-31","2022-06-06","Mitsubishi",28,"Galant"
"2024-12-30","2025-01-21","Infiniti",14,"QX"
"2023-10-27","2023-11-19","Volkswagen",7,"GTI"
"2024-04-23","2024-05-04","Ford",11,"LTD Crown Victoria"
"2023-08-06","2023-08-07","MINI",11,"Cooper"
"2024-02-05","2024-03-04","BMW",19,"530"
"2024-11-22","2024-11-28","Volvo",19,"C70"
"2022-11-27","2022-12-24","Toyota",13,"TundraMax"
"2024-02-10","2024-03-09","BMW",11,"7 Series"
"2024-02-05","2024-02-14","Mitsubishi",26,"Outlander"
"2023-10-25","2023-10-29","Suzuki",14,"Esteem"
"2024-01-21","2024-01-31","Volkswagen",12,"rio"
"2023-11-05","2023-12-04","Lexus",10,"IS"
"2023-06-27","2023-07-06","Ford",11,"Tempo"
"2024-11-28","2024-12-10","Mitsubishi",18,"Truck"
"2023-11-01","2023-11-24","Mercury",15,"Grand Marquis"
"2023-11-27","2023-12-26","Mercedes-Benz",30,"300E"
"2024-01-05","2024-01-12","Ford",26,"Aerostar"
"2023-04-13","2023-04-22","Ford",14,"Expedition EL"
"2022-12-10","2022-12-17","Mercury",13,"Sable"
"2023-11-13","2023-11-25","Mercedes-Benz",6,"E-Class"
"2023-10-23","2023-10-30","Chevrolet",14,"Malibu Maxx"
"2024-01-17","2024-01-27","Honda",15,"Accord"
"2024-10-25","2024-11-17","Mazda",26,"Navajo"
"2023-03-17","2023-03-20","Buick",11,"Regal"
"2024-05-30","2024-06-04","Ram",30,"2500"
"2022-08-31","2022-09-05","Toyota",21,"Corolla"
"2024-02-08","2024-03-01","Jeep",14,"Grand Cherokee"
"2023-09-18","2023-10-14","Nissan",19,"Sentra"
"2023-09-13","2023-09-29","Kia",12,"Forte"
"2022-07-25","2022-08-01","Aston Martin",30,"DBS"
"2023-10-26","2023-11-13","Volvo",13,"S80"
"2022-11-02","2022-11-30","Ford",19,"Thunderbird"
"2023-12-20","2024-01-04","GMC",30,"Canyon"
"2024-06-12","2024-06-13","Volkswagen",20,"Cabriolet"
"2022-07-10","2022-07-27","Acura",29,"RL"
"2024-10-26","2024-10-30","Pontiac",24,"Parisienne"
"2023-09-10","2023-09-22","Toyota",24,"Prius"
"2024-09-08","2024-09-16","Dodge",9,"Ram 2500"
"2024-05-15","2024-06-01","Infiniti",16,"M"
"2023-09-29","2023-10-21","Hyundai",22,"Accent"
"2023-11-14","2023-11-16","Mazda",12,"MX-5"
"2024-10-15","2024-10-30","Audi",30,"A8"
"2024-05-10","2024-06-03","Pontiac",18,"Grand Prix"
"2023-09-28","2023-10-25","Ford",25,"Thunderbird"
"2023-01-11","2023-01-22","Lexus",20,"ES"
"2022-08-09","2022-08-18","Volkswagen",12,"Quantum"
"2022-05-18","2022-05-25","GMC",17,"2500 Club Coupe"
"2022-07-13","2022-08-07","Toyota",23,"Celica"
"2024-04-04","2024-04-06","Mercury",5,"Topaz"
"2024-09-08","2024-10-04","Toyota",15,"Land Cruiser"
"2022-09-01","2022-09-04","Lincoln",20,"Continental"
"2024-08-27","2024-09-21","Kia",20,"Rio"
"2022-10-14","2022-10-31","Isuzu",14,"Axiom"
"2022-06-20","2022-07-12","Mazda",29,"Protege"
"2024-10-24","2024-11-05","Lexus",28,"IS"
"2024-12-11","2024-12-19","Lincoln",23,"Navigator"
"2024-04-23","2024-04-28","Cadillac",6,"Escalade EXT"
"2024-10-18","2024-10-27","Infiniti",8,"J"
"2023-07-13","2023-08-06","Ford",25,"Fiesta"
"2024-10-08","2024-10-21","Ford",26,"Freestar"
"2024-08-27","2024-09-25","Oldsmobile",29,"Silhouette"
"2023-12-29","2024-01-23","Hyundai",23,"Equus"
"2024-12-15","2024-12-31","Lexus",17,"GX"
"2024-09-28","2024-10-23","Chevrolet",21,"Silverado"
"2024-04-20","2024-05-19","Chevrolet",26,"Avalanche 2500"
"2024-12-14","2025-01-12","Suzuki",29,"Sidekick"
"2024-03-24","2024-04-20","Chrysler",7,"300M"
"2023-07-27","2023-08-10","Lexus",12,"IS F"
"2022-11-27","2022-12-14","Dodge",10,"Dakota Club"
"2023-04-18","2023-04-25","BMW",21,"M5"
"2022-10-07","2022-10-20","Suzuki",23,"Swift"
"2023-04-23","2023-04-24","Volkswagen",14,"Fox"
"2024-01-12","2024-01-16","Mercedes-Benz",25,"E-Class"
"2023-01-02","2023-01-05","Ford",10,"F-Series"
"2024-05-08","2024-05-18","Aston Martin",12,"DBS"
"2023-11-13","2023-11-21","Land Rover",12,"LR4"
"2023-12-24","2024-01-07","Geo",21,"Tracker"
"2022-07-03","2022-07-23","Chrysler",16,"Crossfire"
"2023-12-22","2023-12-28","Toyota",18,"MR2"
"2023-10-08","2023-10-30","Chevrolet",26,"Silverado 3500"
"2024-06-17","2024-07-14","Toyota",22,"Celica"
"2024-09-22","2024-10-10","Volkswagen",13,"GTI"
"2023-01-26","2023-02-23","Subaru",18,"Forester"
"2023-04-05","2023-04-09","Hyundai",5,"Tiburon"
"2022-10-04","2022-10-18","Audi",22,"S6"
"2022-07-04","2022-07-10","Mercedes-Benz",22,"S-Class"
"2022-11-04","2022-11-14","Chevrolet",24,"Camaro"
"2022-08-21","2022-09-02","Aptera",8,"Typ-1"
"2024-08-19","2024-08-28","GMC",28,"Yukon"
"2023-06-10","2023-07-09","Ford",16,"F-Series"
"2022-11-17","2022-11-18","Mercury",18,"Grand Marquis"
"2022-09-08","2022-09-16","Mazda",5,"Protege"
"2023-04-09","2023-04-25","Suzuki",21,"X-90"
"2023-07-19","2023-08-06","Mercedes-Benz",25,"W201"
"2024-10-29","2024-11-24","Maserati",14,"Spyder"
"2023-08-28","2023-09-12","Toyota",24,"Land Cruiser"
"2024-05-17","2024-05-21","Porsche",7,"968"
"2022-12-02","2022-12-19","Chevrolet",12,"Suburban 1500"
"2023-01-12","2023-02-05","Toyota",17,"Prius"
"2023-03-09","2023-03-27","Acura",5,"Vigor"
"2023-12-25","2024-01-05","Lincoln",12,"Continental"
"2024-05-18","2024-05-26","Kia",23,"Optima"
"2023-01-02","2023-02-01","Toyota",23,"Celica"
"2022-11-14","2022-11-23","Mercedes-Benz",14,"E-Class"
"2024-08-28","2024-09-20","Chevrolet",23,"Astro"
"2023-11-01","2023-11-13","GMC",13,"Sierra 1500"
"2023-07-16","2023-07-24","Dodge",6,"D250"
"2023-12-01","2023-12-22","Porsche",23,"Boxster"
"2024-04-21","2024-04-29","Audi",25,"A3"
"2024-06-28","2024-07-04","Toyota",27,"Camry Hybrid"
"2023-02-18","2023-03-07","Kia",21,"Rio"
"2023-08-05","2023-08-25","Isuzu",25,"Rodeo"
"2023-08-10","2023-08-11","Nissan",17,"Rogue"
"2024-11-28","2024-12-25","Hyundai",18,"Santa Fe"
"2024-04-07","2024-04-27","Pontiac",12,"Bonneville"
"2024-05-24","2024-06-06","Subaru",5,"Outback"
"2022-11-14","2022-11-29","Pontiac",11,"Vibe"
"2022-06-20","2022-07-11","Chrysler",28,"LHS"
"2024-10-13","2024-11-08","BMW",12,"6 Series"
"2023-11-27","2023-12-24","Chevrolet",22,"G-Series 3500"
"2024-08-12","2024-08-15","Volkswagen",16,"Eos"
"2022-10-30","2022-11-15","Chevrolet",26,"Silverado 2500"
"2022-11-21","2022-12-18","Maserati",21,"430"
"2023-06-12","2023-07-02","Audi",14,"Q5"
"2022-08-20","2022-08-29","Plymouth",10,"Grand Voyager"
"2024-07-16","2024-08-05","Ford",23,"Ranger"
"2024-12-03","2024-12-30","GMC",30,"Savana 2500"
"2023-10-13","2023-10-26","BMW",5,"X5"
"2023-03-03","2023-03-30","Toyota",27,"Highlander"
"2024-02-10","2024-03-06","Toyota",16,"T100 Xtra"
"2024-04-30","2024-05-28","Cadillac",20,"Eldorado"
"2022-06-26","2022-07-06","Jeep",24,"Grand Cherokee"
"2023-10-18","2023-11-17","Ford",8,"F150"
"2023-02-14","2023-02-27","Chevrolet",7,"Lumina"
"2022-08-14","2022-08-23","GMC",15,"Sonoma Club Coupe"
"2022-09-04","2022-09-29","Chrysler",6,"Prowler"
"2023-09-06","2023-10-06","Volkswagen",12,"Passat"
"2024-03-16","2024-03-17","Lexus",26,"SC"
"2024-10-15","2024-10-21","Chevrolet",18,"Malibu"
"2024-08-26","2024-09-08","Subaru",27,"Forester"
"2024-12-13","2025-01-09","Volkswagen",6,"Passat"
"2022-09-09","2022-09-30","Volkswagen",6,"Beetle"
"2023-06-28","2023-07-17","Toyota",15,"Highlander"
"2022-10-30","2022-11-01","Lexus",21,"LX"
"2024-04-24","2024-04-30","Toyota",8,"MR2"
"2023-04-08","2023-04-18","Hummer",13,"H1"
"2023-04-11","2023-05-06","Hummer",20,"H3"
"2024-11-23","2024-12-16","Lexus",9,"LS"
"2022-09-06","2022-09-26","Buick",5,"Century"
"2022-08-18","2022-08-30","Acura",25,"RDX"
"2022-07-16","2022-07-19","Volkswagen",11,"Golf III"
"2024-03-15","2024-04-13","Lexus",28,"ES"
"2023-12-05","2024-01-02","Scion",11,"tC"
"2024-09-16","2024-09-21","Kia",25,"Sedona"
"2022-09-07","2022-09-15","Volkswagen",23,"Touareg 2"
"2024-10-27","2024-11-04","Suzuki",26,"Esteem"
"2023-04-11","2023-04-15","Buick",26,"Skylark"
"2023-09-26","2023-10-05","Lincoln",15,"Continental"
"2024-08-11","2024-08-14","Suzuki",5,"Aerio"
"2024-09-24","2024-10-24","Honda",5,"S2000"
"2024-09-12","2024-10-01","Chrysler",23,"PT Cruiser"
"2022-11-26","2022-12-08","Hyundai",12,"Tiburon"
"2023-07-11","2023-07-30","Suzuki",25,"Esteem"
"2024-02-02","2024-02-25","Chevrolet",15,"Suburban 2500"
"2023-06-27","2023-07-05","Subaru",7,"Forester"
"2023-10-22","2023-11-21","Jeep",23,"Wrangler"
"2024-11-27","2024-12-27","Mazda",10,"MX-5"
"2022-09-19","2022-10-05","Ford",20,"Contour"
"2024-03-16","2024-04-13","Land Rover",28,"Discovery Series II"
"2024-05-11","2024-05-21","Hyundai",14,"Tucson"
"2022-11-04","2022-12-04","Mitsubishi",12,"Mirage"
"2023-08-25","2023-09-13","Nissan",10,"Sentra"
"2023-09-22","2023-10-13","Volkswagen",13,"Eurovan"
"2023-12-19","2024-01-10","Mitsubishi",7,"Raider"
"2022-08-24","2022-09-10","Audi",30,"Q7"
"2022-09-02","2022-09-25","Volkswagen",14,"New Beetle"
"2024-09-13","2024-10-01","Pontiac",20,"Grand Prix"
"2024-09-19","2024-10-19","Toyota",6,"Sienna"
"2024-11-19","2024-12-08","Chevrolet",24,"Express 2500"
"2024-11-29","2024-12-29","Pontiac",16,"6000"
"2023-11-01","2023-11-20","Ford",12,"Thunderbird"
"2024-10-20","2024-10-31","Cadillac",26,"SRX"
"2024-06-15","2024-06-22","Pontiac",28,"Tempest"
"2022-05-19","2022-05-28","Honda",11,"CR-X"
"2024-12-20","2024-12-31","Hummer",8,"H1"
"2024-07-03","2024-07-04","Volkswagen",15,"GTI"
"2024-08-14","2024-09-11","GMC",28,"Suburban 2500"
"2023-05-23","2023-06-11","Lincoln",14,"Navigator"
"2024-12-02","2024-12-03","Nissan",27,"240SX"
"2023-01-23","2023-02-08","Porsche",19,"Cayenne"
"2023-12-01","2023-12-27","Mercury",18,"Grand Marquis"
"2024-01-15","2024-01-29","GMC",26,"Acadia"
"2023-03-01","2023-03-18","Isuzu",15,"i-350"
"2024-06-10","2024-07-08","Mitsubishi",21,"Raider"
"2023-10-05","2023-10-13","Pontiac",26,"Grand Am"
"2023-01-24","2023-02-22","Nissan",10,"Altima"
"2023-10-04","2023-10-22","Ford",8,"F150"
"2023-09-07","2023-09-23","Mercedes-Benz",24,"G-Class"
"2024-01-19","2024-01-29","GMC",17,"Yukon"
"2024-10-28","2024-11-21","GMC",23,"1500"
"2022-07-28","2022-08-05","Ford",12,"F-Series"
"2024-07-17","2024-07-27","Chrysler",7,"Sebring"
"2022-09-06","2022-09-14","Volkswagen",24,"Rabbit"
"2023-09-28","2023-09-30","GMC",21,"Savana 3500"
"2024-06-22","2024-07-03","Mazda",8,"B-Series"
"2023-10-15","2023-10-25","Chevrolet",14,"Astro"
"2024-08-26","2024-08-27","Volkswagen",11,"GTI"
"2024-04-04","2024-05-01","Infiniti",24,"M"
"2022-09-19","2022-10-08","Mercury",8,"Mountaineer"
"2024-09-09","2024-09-29","Audi",10,"S4"
"2023-12-28","2024-01-15","Saab",22,"900"
"2024-07-20","2024-08-19","Mitsubishi",30,"Truck"
"2022-11-16","2022-12-14","Plymouth",15,"Roadrunner"
"2022-05-30","2022-06-07","Dodge",20,"Ram 3500 Club"
"2024-04-04","2024-04-06","Hyundai",14,"Excel"
"2022-11-28","2022-12-17","Pontiac",18,"Firefly"
"2024-10-15","2024-10-25","Audi",25,"A3"
"2023-06-06","2023-06-08","Chrysler",16,"New Yorker"
"2023-04-16","2023-05-02","Mercury",13,"Sable"
"2023-12-14","2024-01-11","Kia",18,"Sedona"
"2023-04-12","2023-05-10","Mercedes-Benz",30,"CLS-Class"
"2024-08-30","2024-09-27","GMC",18,"1500 Club Coupe"
"2022-05-18","2022-06-17","Suzuki",28,"Swift"
"2022-08-01","2022-08-14","Ford",24,"Falcon"
"2022-12-27","2023-01-22","Oldsmobile",12,"Silhouette"
"2024-04-12","2024-04-16","Mercury",7,"Topaz"
"2023-02-17","2023-02-25","Chevrolet",19,"Caprice"
"2024-05-14","2024-05-19","Mazda",13,"Miata MX-5"
"2023-02-06","2023-02-26","Audi",14,"4000"
"2024-03-11","2024-03-21","Maserati",16,"GranSport"
"2024-06-26","2024-07-23","Mitsubishi",13,"Truck"
"2024-08-03","2024-08-27","Audi",28,"S8"
"2024-04-05","2024-05-05","Chevrolet",13,"Equinox"
"2022-10-26","2022-11-06","Cadillac",19,"Seville"
"2024-10-14","2024-11-08","Nissan",5,"Xterra"
"2024-11-07","2024-11-19","GMC",20,"Sonoma"
"2022-05-16","2022-05-31","Audi",25,"A8"
"2022-07-27","2022-08-17","Dodge",30,"Avenger"
"2024-06-05","2024-06-10","Suzuki",21,"X-90"
"2022-05-26","2022-06-20","Mercedes-Benz",15,"SLK-Class"
"2024-01-27","2024-02-17","GMC",8,"Yukon"
"2023-07-14","2023-08-02","Suzuki",9,"Cultus"
"2024-09-20","2024-10-14","Dodge",21,"Ram Van B250"
"2022-11-30","2022-12-01","Toyota",13,"Previa"
"2024-12-04","2024-12-12","Lotus",12,"Elan"
"2024-06-07","2024-07-01","Ford",12,"Edge"
"2024-04-14","2024-05-12","BMW",14,"3 Series"
"2023-05-19","2023-05-21","Chevrolet",16,"Lumina"
"2024-11-15","2024-12-11","Saab",12,"900"
"2023-10-09","2023-10-27","Lamborghini",5,"Diablo"
"2023-06-10","2023-07-02","Honda",11,"Accord"
"2024-12-02","2024-12-12","GMC",9,"Sonoma Club Coupe"
"2024-01-23","2024-02-17","Lincoln",8,"Navigator L"
"2022-10-01","2022-10-17","Bentley",22,"Arnage"
"2023-04-18","2023-04-26","Toyota",6,"Corolla"
"2023-07-31","2023-08-02","Pontiac",9,"G6"
"2022-08-09","2022-08-28","Buick",26,"LaCrosse"
"2023-04-10","2023-04-19","Ford",6,"GT"
"2023-09-10","2023-09-26","Lotus",24,"Esprit"
"2023-09-11","2023-09-30","Toyota",25,"RAV4"
"2023-03-17","2023-03-21","GMC",28,"Canyon"
"2024-12-02","2024-12-24","Mitsubishi",6,"Pajero"
"2024-05-07","2024-06-05","Maserati",24,"GranSport"
"2023-10-10","2023-11-01","Acura",19,"TL"
"2024-04-09","2024-04-11","Mercedes-Benz",24,"CLS-Class"
"2024-02-21","2024-03-12","BMW",13,"X5"
"2024-07-16","2024-07-26","Porsche",28,"911"
"2024-09-11","2024-09-18","Mazda",11,"B-Series"
"2022-08-05","2022-08-27","Isuzu",6,"Trooper"
"2022-09-05","2022-09-13","Kia",10,"Sorento"
"2023-10-18","2023-11-10","Mazda",27,"RX-8"
"2022-08-09","2022-08-11","Chevrolet",25,"Avalanche 2500"
"2023-02-19","2023-02-28","Honda",15,"Accord Crosstour"
"2022-12-06","2022-12-21","Mercury",18,"Sable"
"2024-07-23","2024-08-01","Cadillac",19,"SRX"
"2023-03-19","2023-03-26","Porsche",7,"Boxster"
"2022-07-25","2022-08-13","Toyota",26,"Land Cruiser"
"2024-06-28","2024-07-27","Audi",22,"R8"
"2024-03-03","2024-03-15","Suzuki",5,"Reno"
"2024-06-17","2024-07-14","Dodge",21,"Ram 2500"
"2022-07-02","2022-07-15","Lotus",10,"Elise"
"2024-08-10","2024-08-16","GMC",16,"Envoy XL"
"2024-02-18","2024-03-12","Chevrolet",26,"Malibu"
"2023-07-30","2023-08-21","Infiniti",14,"G25"
"2024-03-28","2024-04-08","Volvo",21,"XC90"
"2024-04-16","2024-05-02","Audi",19,"A6"
"2024-08-06","2024-09-04","Dodge",20,"Stratus"
"2023-08-30","2023-09-10","Chevrolet",10,"Express 3500"
"2022-06-29","2022-07-24","Porsche",17,"Cayman"
"2024-11-27","2024-12-08","GMC",19,"Safari"
"2023-10-04","2023-10-06","Nissan",12,"Altima"
"2024-05-01","2024-05-13","GMC",17,"Acadia"
"2024-09-06","2024-09-25","Chevrolet",20,"Corvette"
"2023-05-31","2023-06-14","Chevrolet",6,"Camaro"
"2022-08-09","2022-08-17","Mercedes-Benz",27,"SL-Class"
"2024-04-06","2024-05-02","Pontiac",29,"Grand Prix"
"2023-11-25","2023-12-06","Daewoo",16,"Leganza"
"2023-09-23","2023-10-12","Volkswagen",7,"Rabbit"
"2023-04-21","2023-05-10","Lexus",6,"GX"
"2023-12-23","2024-01-18","Pontiac",19,"Grand Prix"
"2023-10-05","2023-10-23","Mazda",29,"Mazda3"
"2024-07-23","2024-08-21","Kia",16,"Rio"
"2024-03-19","2024-03-24","Honda",5,"Odyssey"
"2023-12-18","2024-01-15","Chevrolet",27,"Tahoe"
"2024-12-06","2024-12-08","GMC",7,"Sonoma"
"2024-06-25","2024-07-06","Chevrolet",30,"S10"
"2023-01-30","2023-02-22","Dodge",7,"Dakota Club"
"2023-04-08","2023-04-23","Ford",25,"LTD Crown Victoria"
"2024-09-29","2024-10-19","Ford",20,"Escape"
"2022-05-19","2022-06-10","Ferrari",5,"458 Italia"
"2022-09-09","2022-10-03","BMW",17,"X6"
"2024-11-03","2024-12-03","Infiniti",21,"G37"
"2022-12-10","2022-12-14","Ford",29,"Aerostar"
"2023-04-15","2023-04-25","GMC",5,"Savana 2500"
"2022-07-04","2022-08-01","Pontiac",20,"6000"
"2022-10-24","2022-11-11","Maserati",20,"Quattroporte"
"2022-09-29","2022-10-05","Volvo",21,"850"
"2022-09-18","2022-10-05","Ford",12,"E150"
"2024-03-28","2024-04-07","Toyota",21,"Venza"
"2024-09-06","2024-10-03","Dodge",22,"Spirit"
"2024-05-25","2024-05-27","Kia",7,"Rondo"
"2022-07-30","2022-08-29","Volkswagen",15,"Passat"
"2024-11-09","2024-11-19","Plymouth",12,"Acclaim"
"2024-05-07","2024-05-27","Saab",11,"9-5"
"2023-03-27","2023-04-07","Toyota",9,"Tacoma"
"2024-12-02","2024-12-31","Buick",18,"Estate"
"2023-02-02","2023-02-14","GMC",30,"Savana 2500"
"2024-03-25","2024-04-15","Volvo",19,"S80"
"2023-12-15","2023-12-21","Ford",26,"Ranger"
"2023-08-08","2023-08-28","Chevrolet",10,"Caprice"
"2024-01-11","2024-01-24","Cadillac",10,"Seville"
"2023-10-08","2023-10-30","Mazda",29,"MPV"
"2024-10-08","2024-11-02","Hyundai",19,"Scoupe"
"2023-01-05","2023-02-03","Scion",22,"xD"
"2024-04-21","2024-04-22","Chevrolet",18,"Silverado 1500"
"2023-03-17","2023-04-04","Dodge",23,"Dakota Club"
"2024-05-21","2024-06-04","Audi",28,"S4"
"2023-03-03","2023-03-10","Toyota",24,"Land Cruiser"
"2023-12-09","2023-12-19","Dodge",20,"Stratus"
"2022-06-20","2022-07-14","Mercedes-Benz",25,"SLK-Class"
"2022-10-18","2022-10-20","Chevrolet",16,"Express 1500"
"2024-01-21","2024-01-24","GMC",20,"1500"
"2022-08-16","2022-08-17","Ford",20,"Crown Victoria"
"2024-12-10","2024-12-22","Chevrolet",22,"Camaro"
"2022-09-17","2022-10-02","Saturn",6,"Aura"
"2024-01-27","2024-02-06","GMC",22,"2500 Club Coupe"
"2024-07-09","2024-07-23","Audi",30,"A7"
"2024-08-01","2024-08-04","Oldsmobile",26,"Cutlass Supreme"
"2023-08-01","2023-08-16","Acura",10,"Integra"
"2022-06-15","2022-07-01","Ford",22,"F350"
"2022-05-17","2022-05-28","Toyota",15,"RAV4"
"2023-07-25","2023-08-12","Ford",5,"F450"
"2023-09-03","2023-09-27","Toyota",10,"Tundra"
"2022-08-26","2022-08-27","Land Rover",10,"LR3"
"2024-07-14","2024-07-17","Plymouth",7,"Voyager"
"2023-07-05","2023-07-26","Nissan",24,"Quest"
"2024-12-22","2024-12-26","Oldsmobile",12,"Toronado"
"2023-01-02","2023-01-22","Lexus",20,"LS"
"2023-10-28","2023-11-01","Ford",21,"F-Series"
"2024-10-18","2024-10-21","Oldsmobile",21,"LSS"
"2023-11-09","2023-11-28","Mazda",27,"B-Series"
"2023-05-27","2023-05-28","Jeep",16,"Commander"
"2024-02-28","2024-03-08","Ford",8,"E-Series"
"2023-08-14","2023-08-19","Mercedes-Benz",6,"G-Class"
"2023-07-08","2023-08-05","Nissan",19,"Sentra"
"2023-09-27","2023-10-06","Mazda",17,"B-Series"
"2023-10-02","2023-10-13","Cadillac",25,"XLR"
"2024-10-13","2024-10-30","Ram",16,"1500"
"2023-05-03","2023-05-05","Ford",20,"Econoline E350"
"2023-07-24","2023-08-17","Pontiac",11,"Grand Am"
"2024-03-03","2024-03-23","Acura",9,"Legend"
"2024-01-25","2024-02-06","Pontiac",18,"Montana"
"2023-01-27","2023-02-25","GMC",21,"Vandura 1500"
"2023-08-05","2023-08-08","Jaguar",22,"XJ Series"
"2023-10-23","2023-11-08","Subaru",7,"Legacy"
"2024-03-07","2024-03-25","Jeep",25,"Grand Cherokee"
"2023-12-10","2023-12-25","Infiniti",8,"JX"
"2024-11-19","2024-11-29","Chevrolet",6,"Cavalier"
"2024-07-28","2024-08-11","Mitsubishi",11,"Galant"
"2024-04-28","2024-05-25","Mercedes-Benz",30,"E-Class"
"2024-02-01","2024-02-09","Mitsubishi",11,"Challenger"
"2023-05-19","2023-06-14","Chevrolet",19,"Corvette"
"2022-12-27","2023-01-20","Mercury",19,"Mountaineer"
"2024-02-23","2024-03-10","Oldsmobile",15,"Achieva"
"2024-02-15","2024-02-16","Acura",26,"MDX"
"2024-02-01","2024-03-01","Jeep",22,"Liberty"
"2024-11-21","2024-12-02","Chrysler",12,"Cirrus"
"2024-07-28","2024-07-31","Audi",15,"V8"
"2023-10-13","2023-10-14","Buick",29,"Reatta"
"2023-10-07","2023-10-29","Chevrolet",16,"Corvette"
"2024-04-16","2024-05-05","Ford",26,"Explorer"
"2024-02-03","2024-02-12","Ford",26,"E150"
"2024-08-31","2024-09-27","Chrysler",9,"Concorde"
"2023-07-24","2023-08-09","Mercury",19,"Villager"
"2023-06-11","2023-07-11","Mazda",21,"RX-7"
"2024-01-07","2024-01-12","Toyota",10,"Corolla"
"2023-01-19","2023-02-16","Chevrolet",16,"Classic"
"2022-11-06","2022-12-02","Honda",19,"Prelude"
"2022-10-29","2022-11-21","Mitsubishi",5,"Galant"
"2023-11-18","2023-11-29","Toyota",30,"Prius Plug-in"
"2024-01-07","2024-01-30","Dodge",16,"Dakota Club"
"2023-05-09","2023-05-26","Land Rover",11,"Defender"
"2024-04-10","2024-05-04","Plymouth",22,"Breeze"
"2023-02-22","2023-02-25","Porsche",10,"911"
"2023-02-03","2023-03-03","Chevrolet",23,"Sportvan G20"
"2022-08-04","2022-08-21","Mitsubishi",6,"Lancer Evolution"
"2022-08-29","2022-09-19","Mazda",18,"GLC"
"2023-07-09","2023-07-29","Ford",6,"Explorer Sport"
"2023-07-19","2023-07-30","Mercury",12,"Capri"
"2024-03-19","2024-03-29","Ford",20,"Thunderbird"
"2024-04-14","2024-04-24","GMC",19,"Savana 3500"
"2023-07-22","2023-08-02","Bentley",9,"Continental GT"
"2023-02-05","2023-02-22","BMW",28,"X5"
"2022-12-18","2022-12-25","Saab",8,"9-7X"
"2024-02-29","2024-03-21","Mercedes-Benz",29,"SLK-Class"
"2024-08-06","2024-08-24","GMC",22,"1500 Club Coupe"
"2024-05-09","2024-06-02","Mazda",19,"Protege"
"2023-04-05","2023-04-27","Lexus",8,"ES"
"2023-10-27","2023-10-31","Toyota",13,"Avalon"
"2024-04-19","2024-05-13","Subaru",6,"Impreza"
"2024-08-14","2024-08-15","BMW",12,"X5"
"2022-05-30","2022-06-08","Hyundai",16,"Equus"
"2024-02-17","2024-03-04","Volvo",29,"S60"
"2024-07-14","2024-08-11","Ford",18,"Tempo"
"2023-04-11","2023-05-03","Lincoln",28,"Mark VIII"
"2024-08-24","2024-09-09","Porsche",18,"911"
"2024-12-09","2025-01-07","Acura",30,"RSX"
"2023-08-11","2023-08-31","Ford",11,"Aerostar"
"2023-03-01","2023-03-03","Mercury",6,"Grand Marquis"
"2022-12-23","2023-01-02","Acura",15,"RL"
"2023-07-28","2023-08-09","Volvo",17,"XC70"
"2023-04-30","2023-05-07","Cadillac",20,"Escalade ESV"
"2024-12-14","2024-12-23","Chevrolet",24,"Suburban 2500"
"2024-02-06","2024-02-11","Lexus",13,"LX"
"2023-08-27","2023-09-23","Jaguar",12,"S-Type"
"2023-12-20","2023-12-30","Ford",29,"F250"
"2022-05-19","2022-06-04","Infiniti",21,"G"
"2022-10-21","2022-10-29","Ford",23,"Club Wagon"
"2024-01-15","2024-02-01","BMW",20,"X5"
"2024-08-21","2024-08-28","Buick",27,"LeSabre"
"2024-01-08","2024-01-23","Saab",14,"9-3"
"2022-10-28","2022-11-10","Chevrolet",5,"Avalanche"
"2022-08-24","2022-09-20","Dodge",27,"Durango"
"2024-03-12","2024-04-04","Dodge",25,"Ram Van 3500"
"2023-02-01","2023-02-22","Jaguar",11,"XK Series"
"2024-09-18","2024-10-02","Chevrolet",24,"Monte Carlo"
"2022-07-25","2022-08-20","Honda",8,"Odyssey"
"2022-09-09","2022-10-04","Lotus",18,"Elan"
"2023-03-19","2023-04-15","BMW",29,"Z8"
"2022-08-12","2022-09-03","Mercury",25,"Topaz"
"2023-12-21","2024-01-13","Toyota",11,"Venza"
"2022-11-13","2022-12-09","Saab",24,"900"
"2023-08-27","2023-09-26","Mercedes-Benz",10,"300E"
"2024-03-18","2024-04-11","Volkswagen",21,"Passat"
"2023-08-02","2023-08-17","Hyundai",29,"Santa Fe"
"2022-11-17","2022-12-15","Ford",9,"Taurus"
"2023-08-09","2023-08-16","Hyundai",12,"Tiburon"
"2024-01-21","2024-02-13","Ford",12,"Th!nk"
"2023-05-07","2023-05-08","Toyota",12,"MR2"
"2024-03-09","2024-03-25","Audi",8,"S4"
"2022-05-23","2022-06-03","Dodge",25,"Dakota"
"2022-08-29","2022-09-08","Cadillac",10,"Sixty Special"
"2023-03-31","2023-04-25","Volkswagen",14,"GTI"
"2024-06-08","2024-06-15","Volvo",14,"V70"
"2024-08-16","2024-08-25","Volkswagen",11,"Fox"
"2024-02-05","2024-02-25","Volkswagen",21,"Eurovan"
"2024-07-31","2024-08-17","Dodge",16,"Ram 50"
"2022-07-19","2022-08-14","Mazda",30,"MX-6"
"2023-12-27","2024-01-26","Hummer",29,"H1"
"2022-08-12","2022-08-26","Volkswagen",28,"Golf"
"2024-08-22","2024-09-21","Mercedes-Benz",24,"SLK-Class"
"2024-04-30","2024-05-28","Hyundai",29,"Santa Fe"
"2024-07-26","2024-08-04","Nissan",13,"Titan"
"2022-11-13","2022-11-22","Lamborghini",23,"Gallardo"
"2022-11-27","2022-12-23","Honda",14,"Civic"
"2022-08-13","2022-09-01","Daewoo",23,"Leganza"
"2024-10-30","2024-11-13","GMC",26,"1500 Club Coupe"
"2023-06-01","2023-07-01","Hyundai",27,"Scoupe"
"2022-12-08","2022-12-25","Aston Martin",26,"Virage"
"2023-09-03","2023-09-25","Jeep",20,"Grand Cherokee"
"2023-09-29","2023-10-29","Oldsmobile",15,"Custom Cruiser"
"2024-12-09","2024-12-15","Lexus",20,"RX"
"2024-10-08","2024-10-22","Acura",20,"RDX"
"2023-11-10","2023-11-30","Toyota",23,"Supra"
"2023-10-01","2023-10-06","Dodge",14,"D350 Club"
"2023-10-14","2023-10-30","Nissan",8,"Altima"
"2022-06-17","2022-07-14","Lamborghini",6,"Reventón"
"2022-12-22","2023-01-18","Honda",17,"Odyssey"
"2023-04-08","2023-05-01","Geo",11,"Metro"
"2022-12-05","2023-01-01","BMW",21,"X5"
"2022-10-12","2022-10-18","Ford",9,"Ranger"
"2023-10-26","2023-10-27","Geo",25,"Tracker"
"2024-03-29","2024-04-06","Mazda",12,"B-Series"
"2022-11-11","2022-11-13","GMC",24,"Savana 2500"
"2024-08-11","2024-09-09","Acura",17,"TL"
"2024-02-09","2024-02-14","Dodge",17,"Spirit"
"2022-11-14","2022-12-13","Pontiac",27,"Montana"
"2024-11-21","2024-12-21","Volkswagen",14,"Passat"
"2024-08-02","2024-08-18","Oldsmobile",23,"Bravada"
"2023-04-14","2023-04-23","Mazda",15,"Familia"
"2022-07-21","2022-08-11","Volvo",28,"XC70"
"2023-05-21","2023-06-09","MINI",11,"Cooper"
"2024-09-29","2024-10-25","Ford",20,"Flex"
"2022-06-09","2022-07-02","Toyota",22,"Supra"
"2024-08-24","2024-09-12","Chrysler",5,"Sebring"
"2024-03-04","2024-03-26","Ford",20,"E-Series"
"2023-01-13","2023-01-30","Subaru",12,"Impreza"
"2024-05-30","2024-06-24","Mitsubishi",18,"Diamante"
"2023-03-19","2023-04-02","Oldsmobile",20,"Silhouette"
"2023-12-04","2024-01-03","Ford",26,"F-Series"
"2022-08-15","2022-09-07","Pontiac",7,"LeMans"
"2024-10-31","2024-11-27","Porsche",26,"Cayenne"
"2024-06-14","2024-06-23","Mazda",22,"Millenia"
"2023-05-17","2023-06-13","Toyota",20,"Tacoma"
"2024-04-03","2024-04-15","Pontiac",9,"Grand Prix"
"2024-04-29","2024-05-27","Ford",22,"F-Series"
"2023-03-28","2023-04-18","Holden",6,"Monaro"
"2024-01-04","2024-01-16","Chevrolet",15,"Lumina"
"2024-08-26","2024-09-19","Daewoo",26,"Leganza"
"2023-10-21","2023-11-10","Ram",8,"2500"
"2023-08-24","2023-08-25","Kia",24,"Sedona"
"2023-08-11","2023-08-17","Mazda",24,"Miata MX-5"
"2024-05-20","2024-05-23","Pontiac",15,"G6"
"2024-10-12","2024-11-04","Plymouth",7,"Voyager"
"2024-04-19","2024-05-10","Mitsubishi",8,"Galant"
"2022-12-10","2023-01-09","Hummer",15,"H3"
"2023-09-02","2023-09-27","Ford",27,"Escort ZX2"
"2023-08-08","2023-08-11","Acura",30,"TL"
"2022-11-19","2022-12-15","Audi",18,"5000CS Quattro"
"2024-11-09","2024-11-21","Jaguar",22,"XK"
"2024-05-22","2024-06-11","Mercedes-Benz",17,"E-Class"
"2022-08-23","2022-09-06","Ford",6,"Expedition"
"2023-09-24","2023-09-28","Nissan",28,"Murano"
"2022-08-28","2022-09-25","Cadillac",26,"Escalade ESV"
"2024-12-29","2025-01-13","BMW",12,"5 Series"
"2023-12-24","2024-01-11","Mercedes-Benz",23,"E-Class"
"2024-10-06","2024-10-29","Mercury",5,"Sable"
"2023-02-04","2023-03-04","Aston Martin",10,"Rapide"
"2024-09-09","2024-09-24","Buick",22,"LeSabre"
"2024-07-12","2024-07-27","Ford",11,"Focus"
"2022-08-02","2022-08-21","GMC",19,"Savana"
"2022-07-13","2022-07-23","Toyota",11,"Tundra"
"2024-02-24","2024-02-26","Nissan",19,"Versa"
"2023-08-14","2023-08-25","Toyota",25,"Previa"
"2023-09-09","2023-09-28","Acura",18,"TSX"
"2022-12-31","2023-01-10","Bentley",23,"Continental GT"
"2023-10-14","2023-10-18","Nissan",6,"370Z"
"2024-06-06","2024-06-20","Porsche",7,"911"
"2023-03-05","2023-03-22","Hyundai",27,"Elantra"
"2023-03-14","2023-03-30","Mercury",23,"Sable"
"2024-08-24","2024-09-07","Mercedes-Benz",20,"M-Class"
"2022-05-16","2022-05-31","Plymouth",13,"Voyager"
"2023-08-05","2023-08-26","Mitsubishi",28,"Galant"
"2023-02-12","2023-02-27","Suzuki",7,"Swift"
"2024-01-24","2024-02-11","Honda",6,"S2000"
"2022-06-27","2022-07-27","Ford",13,"Festiva"
"2023-06-14","2023-07-01","Cadillac",8,"XLR"
"2024-11-04","2024-11-17","Pontiac",27,"Trans Sport"
"2023-09-25","2023-10-08","Porsche",20,"911"
"2022-05-19","2022-06-06","Chevrolet",16,"Sportvan G20"
"2024-11-18","2024-12-11","Lexus",22,"LX"
"2023-05-06","2023-06-02","Ford",12,"Ranger"
"2023-11-27","2023-12-25","Lexus",21,"LX"
"2023-11-17","2023-12-12","Aston Martin",22,"DBS"
"2022-07-01","2022-07-20","Ford",10,"Mustang"
"2023-05-07","2023-05-25","Toyota",25,"Supra"
"2022-09-16","2022-09-20","BMW",10,"530"
"2023-06-30","2023-07-28","Lincoln",23,"Continental"
"2022-12-05","2022-12-16","Bentley",16,"Continental GT"
"2024-10-09","2024-10-13","Kia",18,"Sportage"
"2023-05-17","2023-05-19","Kia",19,"Spectra"
"2023-02-13","2023-03-03","Dodge",14,"Dakota Club"
"2022-11-07","2022-11-28","Infiniti",19,"QX56"
"2024-07-27","2024-08-13","Ford",30,"F150"
"2023-08-03","2023-08-06","Buick",18,"LeSabre"
"2023-04-16","2023-05-08","Ford",24,"Thunderbird"
"2022-05-19","2022-05-28","Hyundai",11,"Santa Fe"
"2024-01-13","2024-01-24","Land Rover",27,"Discovery Series II"
"2023-05-14","2023-05-31","Porsche",6,"Boxster"
"2024-05-26","2024-06-14","Ford",26,"Mustang"
"2024-07-21","2024-07-24","Pontiac",24,"Firebird"
"2023-12-02","2023-12-31","Chevrolet",14,"Blazer"
"2024-05-12","2024-05-24","Chevrolet",29,"Suburban 1500"
"2023-03-24","2023-04-01","Chevrolet",27,"SSR"
"2024-11-26","2024-12-12","Lexus",16,"GS"
"2024-11-16","2024-11-28","Chrysler",5,"Crossfire"
"2023-01-19","2023-02-08","Ford",13,"F-Series"
"2024-02-27","2024-03-13","GMC",23,"Savana 1500"
"2023-09-06","2023-09-20","Oldsmobile",30,"Ciera"
"2023-01-12","2023-02-02","BMW",17,"X5"
"2024-12-28","2025-01-02","Audi",26,"A6"
"2023-12-30","2024-01-29","GMC",6,"Sierra 2500"
"2022-12-17","2022-12-22","Lotus",15,"Esprit"
"2023-02-21","2023-03-15","Oldsmobile",14,"Aurora"
"2023-06-30","2023-07-20","Dodge",28,"Magnum"
"2024-01-20","2024-02-16","Volkswagen",27,"Jetta"
"2024-05-24","2024-06-11","Saab",29,"9-2X"
"2022-06-06","2022-06-18","Pontiac",29,"Chevette"
"2022-05-19","2022-05-30","Lexus",23,"LS"
"2022-10-26","2022-11-17","Maybach",12,"57"
"2023-07-10","2023-07-18","Pontiac",16,"Bonneville"
"2023-12-29","2024-01-06","Volvo",8,"XC90"
"2024-02-16","2024-02-20","Nissan",11,"Sentra"
"2023-11-19","2023-11-28","Ford",15,"Ranger"
"2023-03-28","2023-04-06","Nissan",20,"Xterra"
"2023-12-17","2024-01-13","Ford",21,"E-Series"
"2023-09-14","2023-10-08","Volkswagen",5,"Eurovan"
"2022-11-11","2022-11-21","Buick",8,"LeSabre"
"2023-03-29","2023-04-07","Lexus",7,"ES"
"2024-04-25","2024-05-10","Chevrolet",28,"Tracker"
"2024-12-12","2024-12-22","Chrysler",8,"Cirrus"
"2022-10-18","2022-11-11","Pontiac",16,"Sunbird"
"2023-02-18","2023-03-19","Buick",15,"Somerset"
"2024-09-12","2024-09-13","Ford",6,"F250"
"2023-08-30","2023-09-16","Hummer",10,"H2 SUT"
"2023-11-15","2023-12-12","Lincoln",13,"Town Car"
"2023-02-17","2023-02-27","Volkswagen",6,"New Beetle"
"2024-11-14","2024-12-03","BMW",15,"M Roadster"
"2022-07-16","2022-08-11","Toyota",18,"Sienna"
"2024-09-22","2024-09-24","Subaru",21,"Impreza"
"2022-09-12","2022-10-04","Ford",10,"F250"
"2024-04-12","2024-04-19","Mercedes-Benz",23,"SLS AMG"
"2024-12-15","2024-12-20","Volkswagen",27,"Type 2"
"2023-10-04","2023-10-18","Dodge",19,"Ram 3500"
"2022-12-13","2023-01-12","Lexus",13,"ES"
"2022-10-16","2022-10-23","Mercury",26,"Grand Marquis"
"2023-03-03","2023-03-17","Toyota",29,"Tacoma Xtra"
"2024-06-04","2024-06-12","Nissan",13,"300ZX"
"2023-03-11","2023-04-01","Acura",28,"TSX"
"2023-08-25","2023-09-09","Toyota",7,"T100"
"2024-07-05","2024-07-21","Mercedes-Benz",24,"Sprinter 2500"
"2024-08-29","2024-09-21","Isuzu",26,"Trooper"
"2023-02-14","2023-02-22","Chevrolet",22,"Corvette"
"2022-11-20","2022-12-10","Kia",8,"Rio"
"2023-09-27","2023-10-20","Suzuki",18,"Grand Vitara"
"2023-12-08","2023-12-14","Dodge",15,"Viper"
"2024-12-11","2024-12-15","Chevrolet",19,"Express 1500"
"2024-03-28","2024-04-19","Audi",16,"A8"
"2022-12-07","2022-12-21","Dodge",15,"Intrepid"
"2024-09-08","2024-09-17","Acura",20,"TL"
"2023-02-14","2023-03-16","Lincoln",19,"Continental"
"2024-10-12","2024-11-08","Ford",5,"Fusion"
"2024-05-12","2024-05-27","Mitsubishi",18,"Lancer"
"2024-12-13","2024-12-16","Mercedes-Benz",17,"G-Class"
"2024-12-17","2024-12-20","Cadillac",11,"Seville"
"2023-08-20","2023-08-21","Chevrolet",9,"Silverado"
"2023-06-29","2023-07-27","Dodge",11,"Neon"
"2023-08-12","2023-08-29","Acura",10,"RL"
"2024-07-12","2024-07-20","Land Rover",7,"Range Rover Sport"
"2024-07-11","2024-08-01","Buick",10,"LeSabre"
"2023-03-23","2023-04-13","Maybach",5,"Landaulet"
"2022-10-20","2022-11-09","Nissan",21,"Pathfinder"
"2022-06-18","2022-06-22","Lotus",21,"Esprit"
"2022-10-30","2022-11-26","Dodge",11,"Viper"
"2022-07-18","2022-07-21","Chevrolet",26,"Silverado 2500"
"2022-06-07","2022-06-29","Dodge",27,"Dakota Club"
"2024-01-19","2024-01-24","Volkswagen",18,"Cabriolet"
"2024-01-31","2024-02-02","Dodge",18,"Nitro"
"2024-05-08","2024-05-21","Honda",24,"Odyssey"
"2023-05-04","2023-05-24","Toyota",21,"Camry"
"2024-08-08","2024-08-15","Plymouth",28,"Neon"
"2024-01-02","2024-01-06","Ford",25,"Econoline E250"
"2023-05-10","2023-06-09","Isuzu",28,"Oasis"
"2024-07-09","2024-07-19","Cadillac",8,"Seville"
"2023-04-19","2023-04-30","Alfa Romeo",18,"164"
"2024-07-28","2024-08-17","Pontiac",8,"Aztek"
"2023-12-14","2024-01-03","Saturn",16,"S-Series"
"2023-10-05","2023-10-09","Mercedes-Benz",29,"G-Class"
"2024-07-18","2024-07-26","MINI",15,"Cooper"
"2024-02-25","2024-03-06","Ford",25,"E-Series"
"2023-02-12","2023-03-08","Dodge",27,"Ramcharger"
"2022-05-20","2022-06-01","Chrysler",23,"Town & Country"
"2024-09-11","2024-09-20","Audi",24,"80"
"2024-09-16","2024-10-15","BMW",30,"7 Series"
"2024-06-21","2024-07-10","Jeep",14,"Patriot"
"2024-12-08","2024-12-10","Mitsubishi",25,"Diamante"
"2023-10-05","2023-10-27","Dodge",21,"Ram 1500"
"2024-08-31","2024-09-29","GMC",8,"Suburban 2500"
"2024-05-05","2024-06-03","Geo",25,"Tracker"
"2023-07-12","2023-07-18","Cadillac",21,"DeVille"
"2023-05-24","2023-06-14","Ford",16,"Econoline E150"
"2023-08-15","2023-08-19","Dodge",6,"Charger"
"2023-10-23","2023-11-08","Nissan",26,"240SX"
"2024-05-26","2024-06-24","Ford",15,"Festiva"
"2023-03-10","2023-04-04","Ford",18,"Ranger"
"2024-08-15","2024-09-08","Suzuki",22,"SX4"
"2024-06-20","2024-07-19","BMW",14,"X5"
"2024-10-15","2024-11-02","Chevrolet",28,"Corvette"
"2024-09-24","2024-10-04","Buick",25,"Century"
"2024-06-11","2024-06-20","Buick",25,"Somerset"
"2024-08-08","2024-08-21","Saab",25,"9000"
"2023-11-02","2023-11-24","Chevrolet",8,"Suburban 1500"
"2024-11-28","2024-12-24","Ferrari",27,"California"
"2024-03-11","2024-03-20","Volkswagen",27,"Golf"
"2024-03-06","2024-03-07","Hummer",7,"H1"
"2023-07-25","2023-08-11","GMC",30,"Yukon"
"2022-08-26","2022-09-01","Chevrolet",21,"Express"
"2024-03-14","2024-04-08","Pontiac",8,"Bonneville"
"2022-07-05","2022-07-24","Cadillac",16,"DTS"
"2024-12-07","2024-12-11","Ford",24,"Tempo"
"2023-09-05","2023-09-28","Mazda",12,"MX-5"
"2023-12-17","2023-12-29","Porsche",7,"911"
"2024-01-17","2024-02-12","Ferrari",28,"F430 Spider"
"2022-09-28","2022-10-06","Mitsubishi",21,"Challenger"
"2024-12-27","2025-01-06","Ford",18,"Fusion"
"2023-11-01","2023-11-16","Mazda",24,"626"
"2022-05-18","2022-06-11","Chevrolet",29,"Suburban 1500"
"2024-03-17","2024-03-21","Volkswagen",7,"Cabriolet"
"2024-09-10","2024-09-23","Lexus",14,"GS"
"2024-01-17","2024-01-27","Subaru",15,"Outback"
"2023-10-29","2023-11-07","Isuzu",13,"i-370"
"2023-04-20","2023-05-06","Chevrolet",18,"Beretta"
"2022-08-13","2022-09-07","GMC",30,"Envoy XUV"
"2023-07-30","2023-08-15","GMC",14,"Yukon XL 1500"
"2024-03-31","2024-04-29","Mazda",30,"Mazda6"
"2022-09-29","2022-10-03","Lexus",17,"RX"
"2024-09-20","2024-09-22","Lamborghini",10,"Murciélago"
"2023-11-15","2023-11-18","Lincoln",8,"Navigator"
"2024-01-11","2024-01-14","Suzuki",26,"Vitara"
"2023-07-22","2023-07-30","Chevrolet",22,"G-Series 1500"
"2022-12-18","2023-01-03","Honda",25,"Civic"
"2023-09-02","2023-09-10","Cadillac",25,"XLR-V"
"2024-11-13","2024-12-04","Toyota",16,"Tundra"
"2024-04-29","2024-05-04","Dodge",9,"Dakota"
"2023-09-10","2023-09-11","Kia",9,"Sedona"
"2022-07-11","2022-07-17","Nissan",12,"Sentra"
"2023-09-10","2023-10-06","Mercedes-Benz",8,"E-Class"
"2024-02-09","2024-02-19","Dodge",17,"D150 Club"
"2023-12-22","2024-01-12","Subaru",17,"Leone"
"2023-08-22","2023-09-13","BMW",25,"X3"
"2023-03-02","2023-03-29","GMC",12,"Jimmy"
"2024-08-29","2024-09-05","Oldsmobile",26,"Achieva"
"2022-07-07","2022-07-19","Ford",17,"Thunderbird"
"2024-07-17","2024-08-02","Honda",13,"Civic"
"2024-03-18","2024-04-10","Mercedes-Benz",18,"S-Class"
"2024-07-30","2024-08-23","Volkswagen",12,"Golf"
"2023-09-19","2023-10-18","Mazda",17,"626"
"2023-06-17","2023-06-21","Dodge",8,"D250"
"2024-07-19","2024-07-20","Subaru",19,"Impreza"
"2023-11-10","2023-11-22","Ford",21,"Courier"
"2024-01-18","2024-02-05","Ford",9,"Mustang"
"2024-10-04","2024-10-22","Lexus",19,"ES"
"2024-02-07","2024-02-17","Chrysler",15,"Town & Country"
"2022-10-16","2022-10-25","Porsche",13,"Cayman"
"2024-03-15","2024-03-17","Toyota",29,"Camry"
"2022-12-18","2023-01-08","GMC",10,"Yukon"
"2024-10-13","2024-10-16","Ford",11,"Bronco"
"2022-10-08","2022-10-30","Mercedes-Benz",28,"C-Class"
"2023-07-24","2023-08-09","Mercedes-Benz",15,"CLS-Class"
"2022-11-29","2022-12-13","Lincoln",7,"Town Car"
"2024-01-04","2024-01-08","Buick",22,"Century"
"2024-09-10","2024-10-06","Mazda",24,"Tribute"
"2024-03-06","2024-03-07","Honda",22,"Civic Si"
"2022-12-31","2023-01-23","Dodge",19,"Ram 3500"
"2022-12-23","2023-01-02","GMC",5,"Savana 2500"
"2024-01-11","2024-01-27","Mazda",14,"Miata MX-5"
"2024-12-21","2024-12-26","Pontiac",27,"Sunbird"
"2024-03-27","2024-04-10","Porsche",7,"968"
"2023-12-05","2023-12-13","Jeep",6,"Cherokee"
"2023-07-10","2023-07-19","Pontiac",19,"Grand Prix"
"2023-10-31","2023-11-07","Plymouth",20,"Colt"
"2024-01-07","2024-01-20","Land Rover",13,"LR2"
"2024-10-16","2024-11-01","Dodge",7,"Ram 3500"
"2023-10-05","2023-10-19","Suzuki",12,"SX4"
"2023-04-08","2023-04-16","GMC",24,"Yukon XL 2500"
"2022-11-10","2022-12-07","Buick",21,"Skyhawk"
"2022-08-24","2022-09-01","Volkswagen",7,"Jetta"
"2023-05-22","2023-06-19","Oldsmobile",13,"Toronado"
"2023-09-05","2023-09-24","Ford",28,"Fusion"
"2024-04-08","2024-04-23","Chevrolet",12,"Silverado 2500"
"2022-12-30","2023-01-03","Chevrolet",25,"Monte Carlo"
"2024-03-23","2024-04-12","Mitsubishi",26,"Galant"
"2023-01-09","2023-02-07","Audi",17,"Cabriolet"
"2023-10-23","2023-11-20","BMW",29,"530"
"2024-08-07","2024-08-17","Ford",13,"Windstar"
"2024-02-21","2024-03-10","Toyota",24,"RAV4"
"2024-11-03","2024-11-18","Dodge",30,"Dakota"
"2024-06-20","2024-07-02","Jaguar",18,"XK"
"2022-08-25","2022-09-19","Lincoln",16,"MKZ"
"2023-06-16","2023-07-07","Kia",17,"Amanti"
"2022-10-02","2022-10-22","Pontiac",7,"LeMans"
"2023-10-08","2023-11-06","Acura",12,"Integra"
"2023-10-18","2023-10-29","Volvo",28,"S80"
"2024-10-08","2024-10-22","Chevrolet",10,"Avalanche 1500"
"2024-08-28","2024-09-05","Mercedes-Benz",6,"SL-Class"
"2024-05-10","2024-05-20","Nissan",23,"Maxima"
"2023-10-16","2023-11-15","Chrysler",12,"Town & Country"
"2023-11-12","2023-11-22","Chevrolet",10,"Express 3500"
"2023-04-05","2023-04-24","Buick",16,"LaCrosse"
"2022-07-01","2022-07-25","Scion",9,"xB"
"2024-12-23","2024-12-27","Kia",27,"Spectra5"
"2023-07-29","2023-08-12","Nissan",19,"Frontier"
"2023-11-11","2023-12-04","Infiniti",7,"QX"
"2024-06-18","2024-07-03","Mercedes-Benz",6,"W126"
"2024-07-25","2024-08-18","Mitsubishi",23,"Mirage"
"2023-01-07","2023-01-08","Dodge",20,"Dynasty"
"2023-10-07","2023-10-25","Toyota",29,"Tacoma"
"2023-08-03","2023-08-26","Mazda",22,"RX-8"
"2023-07-14","2023-07-26","Chevrolet",10,"Bel Air"
"2022-06-15","2022-07-12","Land Rover",11,"Range Rover"
"2024-03-10","2024-03-30","BMW",10,"6 Series"
"2024-01-27","2024-02-25","MINI",18,"Cooper"
"2023-11-25","2023-12-16","Audi",8,"S4"
"2023-06-01","2023-06-08","Pontiac",30,"Grand Prix"
"2022-11-11","2022-11-14","Honda",11,"Ridgeline"
"2022-10-20","2022-10-26","Mitsubishi",10,"Eclipse"
"2023-10-23","2023-11-09","Mercedes-Benz",15,"R-Class"
"2024-03-23","2024-04-21","Suzuki",14,"Aerio"
"2024-07-14","2024-07-17","Land Rover",13,"Range Rover"
"2024-09-11","2024-10-07","Ferrari",10,"430 Scuderia"
"2023-08-24","2023-09-14","Volvo",9,"S60"
"2023-10-20","2023-11-13","GMC",9,"Sierra 1500"
"2022-09-05","2022-09-11","Jaguar",10,"XJ Series"
"2024-02-23","2024-02-27","Hyundai",20,"Elantra"
"2023-01-02","2023-01-03","Suzuki",9,"Esteem"
"2022-11-19","2022-12-07","Ford",13,"Bronco"
"2023-08-30","2023-09-12","Dodge",7,"Grand Caravan"
"2023-02-05","2023-02-21","Chevrolet",8,"Express 2500"
"2024-05-09","2024-05-17","Chevrolet",20,"Express 1500"
"2023-01-18","2023-01-23","Ford",6,"Thunderbird"
"2024-05-03","2024-05-23","Hyundai",17,"Elantra"
"2024-01-10","2024-01-18","Infiniti",15,"QX"
"2023-10-17","2023-10-29","Ford",26,"Excursion"
"2022-12-24","2023-01-09","Mercury",16,"Grand Marquis"
"2024-06-25","2024-07-17","Lincoln",7,"MKX"
"2024-10-03","2024-10-26","Suzuki",7,"Verona"
"2022-08-17","2022-08-23","Cadillac",11,"DTS"
"2024-04-17","2024-04-22","BMW",5,"7 Series"
"2023-06-09","2023-07-08","Lexus",7,"LX"
"2023-11-30","2023-12-04","Chevrolet",12,"Corvette"
"2022-10-05","2022-10-22","Toyota",10,"Yaris"
"2024-09-29","2024-10-04","Acura",13,"Vigor"
"2023-09-10","2023-09-28","Kia",14,"Carens"
"2024-04-13","2024-04-24","Nissan",13,"Leaf"
"2023-12-15","2023-12-27","Mazda",29,"Miata MX-5"
"2024-01-11","2024-01-14","Ford",15,"EXP"
"2023-08-26","2023-09-06","Oldsmobile",21,"Toronado"
"2022-08-24","2022-09-20","BMW",7,"530"
"2024-10-23","2024-10-26","Honda",27,"Passport"
"2023-10-22","2023-11-06","Honda",11,"Fit"
"2024-11-26","2024-11-30","Honda",25,"Passport"
"2022-09-30","2022-10-04","GMC",20,"Yukon"
"2022-08-17","2022-09-15","Toyota",25,"Echo"
"2024-10-16","2024-10-23","Ford",13,"Mustang"
"2023-04-16","2023-05-13","Honda",10,"Pilot"
"2023-07-04","2023-07-11","Kia",23,"Mentor"
"2023-06-02","2023-06-03","Toyota",5,"Tacoma Xtra"
"2023-09-12","2023-10-09","Volvo",7,"XC70"
"2024-09-17","2024-10-08","Mazda",5,"Mazdaspeed 3"
"2024-03-17","2024-03-22","Pontiac",19,"Solstice"
"2022-10-30","2022-11-14","Jaguar",20,"S-Type"
"2022-07-18","2022-08-04","Pontiac",20,"Bonneville"
"2024-12-04","2024-12-05","Buick",23,"Electra"
"2023-01-05","2023-01-07","Toyota",15,"Land Cruiser"
"2024-09-07","2024-10-03","Cadillac",5,"Escalade"
"2022-10-14","2022-10-17","Volkswagen",17,"riolet"
"2024-05-23","2024-06-07","Toyota",16,"Tacoma Xtra"
"2023-10-28","2023-11-19","Land Rover",15,"Range Rover"
"2024-12-04","2024-12-15","Infiniti",19,"QX56"
"2022-07-27","2022-08-15","Oldsmobile",9,"Regency"
"2024-08-10","2024-09-06","Toyota",5,"Previa"
"2023-12-03","2023-12-25","Lexus",28,"IS F"
"2022-06-17","2022-06-24","Lincoln",8,"MKT"
"2022-11-10","2022-11-18","Lincoln",11,"Town Car"
"2022-12-03","2022-12-07","Chevrolet",28,"S10"
